7.008760951188985899e-02,2.134445847083726465e-04,2.082444705696721687e+00,1.689137004979818224e-01,2.251182829843307587e-01,2.555367724882594560e-01,0.000000000000000000e+00,7.499999999999999722e-02,-3.051448274327654175e+01,2.886957083203077978e+00,-5.744903011357952449e-01,-1.574728992096766367e-01,1.448846337338145496e-01,1.075212093333198365e-01,-6.229937486058406693e-02,-5.316611988738559891e-01,-1.036870305484962174e+00,-7.145374054969745314e-01,-6.254571604890993286e-02,7.102396373521888129e-02,-1.870813058528127126e-01,8.226697170518455088e-03,5.339206924915490321e-04,6.283728858482819091e-02,1.236245288890549521e-01,2.229222903726651300e-02,4.258781001204969135e-02,7.960493407541893371e-03,2.265451157669022726e-03,2.324818046565554994e-03,2.141489240950565816e-03,3.445832978410500857e-03,7.291587828656979822e-04,3.560867589486292617e-02
6.382978723404254817e-02,1.788835143733934381e-03,3.284230752457558911e+00,1.287736614352486542e-01,1.895890180114037094e-01,6.459639331175526245e-02,2.437863360798544696e-02,7.249999999999999500e-02,-2.962908679247223986e+01,3.308755853283646964e+00,-4.857514040569159697e-01,-8.427922701284908114e-02,2.371067291967792201e-01,2.707736066449868417e-01,1.052107594280579789e-01,-5.682611070907530593e-01,-1.214775597198988422e+00,-6.334453297861321053e-01,5.918031594458705857e-02,-2.331266241660390898e-02,-1.644197350219287479e-01,3.724713614586172908e-03,8.190409200482562683e-05,1.322455425535464316e-02,1.399263382203924655e-01,3.713158315898894973e-03,1.576920587778816440e-01,1.890900154903903986e-03,3.480446508935430470e-04,2.619911523934529383e-04,1.031026700274346531e-03,1.707512832076181833e-03,2.459788285615634304e-04,5.470886794491584132e-02
7.884856070087609137e-02,2.750686515983413565e-03,3.308763309118997409e+00,1.153066488449924071e-01,1.509863196284500220e-01,5.654151009398951100e-01,3.107609083620216026e-02,1.000000000000000056e-01,-2.802310934016858823e+01,3.595302085276718795e+00,-1.590629602550618804e+00,-1.274690542541652705e-01,7.664260459185503471e-01,1.483892567563442622e-01,-5.337393696423049505e-01,-5.792365524721556636e-01,-7.016013045802316217e-01,-4.908472636075508211e-01,-1.709498335430298388e-02,9.354945952610732585e-02,3.127675838482307097e-02,3.918797114877596924e-03,2.564833561161350656e-04,5.874745973312538172e-02,1.048431087801843242e-02,4.291850939587956749e-03,1.342563703559475907e-01,3.518066633381332006e-03,1.053040394854749253e-03,1.492963700695431944e-03,3.006507317133295162e-03,1.255281455047501347e-02,7.384683994012984296e-03,3.765860863176329759e-02
1.001251564455569454e-01,1.103680407551718527e-02,3.178393904216341159e+00,1.049533644389418346e-01,9.979973919248449898e-02,8.818939994649769298e-01,3.337035897745507101e-02,1.000000000000000056e-01,-2.660167167585742121e+01,3.366398957596641761e+00,-2.134342768329681839e+00,4.541948919617787017e-01,2.861845542444955703e-01,1.658317729444770960e-01,-6.457038239837969984e-01,-7.985699860304219522e-01,-1.249860657366276828e-01,-2.434921799457574754e-01,-6.903228039024068563e-01,-2.118106937865569528e-01,2.389693566904867450e-01,2.538823706649513158e-03,4.067719038123040771e-04,2.431459806362129550e-02,1.051968775954705351e-02,1.897934753163120188e-03,5.116279888857015387e-03,1.014937336495548049e-03,3.957241665324817822e-04,3.632497187321591121e-03,1.630455188766283042e-03,2.422444791454162610e-02,9.288345989736507963e-03,8.299514386597948989e-03
9.762202753441802383e-02,1.384126870083218254e-02,3.293281690872067458e+00,1.186708746396365338e-01,1.389446107319475543e-01,8.941218273035713704e-01,2.511063383130597571e-03,1.000000000000000056e-01,-2.640951207679582780e+01,3.242469092214226745e+00,-1.789315030333223255e+00,7.901652981152100519e-02,4.944309490139201513e-01,6.077577988451371427e-01,-6.461353201424504533e-01,-9.926194462438288069e-01,-2.546461545612688226e-01,-4.718115684578154667e-01,-8.231204168721442116e-01,-5.544678231981380045e-02,3.784523925117706800e-02,2.905510413377364060e-03,1.354413958717832502e-04,1.666893863400501635e-02,2.071554467302706357e-02,3.386595903410502279e-03,1.023154560309532703e-02,2.065616985762120956e-03,9.169685420326318791e-04,2.097503169181624133e-03,1.387514861310030524e-03,1.737866339230613455e-02,4.511086474555722932e-03,7.068564546367035219e-03
7.133917396745932671e-02,7.400930366294511224e-03,3.264764146509985476e+00,1.559079640306890724e-01,2.002093643066353013e-01,5.395717851346477634e-01,3.409836183723051473e-02,1.000000000000000056e-01,-2.681210346105070030e+01,2.367424033574260012e+00,-1.015679838253181755e+00,2.992763972967345601e-02,6.336246217649712520e-01,8.151728524445300827e-01,-7.615192142983085999e-01,-1.028876909507987714e+00,-8.299815817017319741e-01,-5.996110290858888137e-01,-3.034041320206126158e-01,-3.196310506091023379e-02,7.218114689240104354e-02,2.690000227484843145e-03,1.266791205650770306e-04,2.148224127574396500e-02,8.884467395196253559e-02,3.637914444744708414e-03,1.539996814929714963e-01,2.198642801601317226e-03,6.747015947824092953e-04,3.765150373614915683e-04,1.318139524666944078e-03,3.943222432748989988e-03,2.368980187665120120e-03,4.610539180802152720e-02
7.259073842302878055e-02,1.066007187643522574e-03,2.922644670257486865e+00,1.156700885511502824e-01,1.474203438370889907e-01,1.728377582338124774e-01,1.098880657792221556e-02,7.499999999999999722e-02,-3.011852324297870709e+01,3.824748868569993743e+00,-5.651380674670888338e-01,-1.311071182285579617e+00,-6.633400562468894091e-01,1.644842420039753783e+00,-1.129592545985299346e+00,-3.287018000215343738e-01,-1.136651520026464190e+00,-4.499773767727578977e-01,-1.770063483851370689e-01,-3.255737784220261166e-01,4.443734436513889774e-01,1.942493292849361078e-03,4.616657263561517043e-04,2.181245692164696451e-02,5.943769427386964843e-02,1.343217574830169424e-02,1.214467792967676707e-01,9.292144368866432635e-03,3.365014941814813143e-03,2.146314007968335921e-03,9.874254978486254972e-04,2.042107962164189938e-03,8.415137400391817409e-04,3.459469961748359856e-02
1.627033792240300258e-01,4.062767956370016878e-05,2.242497616747881395e+00,2.005885434349748697e-01,2.512302736108356638e-01,4.265545988261741361e-01,8.332432642605185069e-03,7.499999999999999722e-02,-3.324505600172289377e+01,3.498991176765582356e+00,-9.022157476813297272e-02,-9.247888990898606165e-01,-3.186664160543646873e-01,1.004061950840976269e+00,-5.220947074402381149e-01,-2.222413852585265193e-01,-9.450944849949023396e-01,-4.721153452309376775e-01,-2.846419421877773720e-02,-1.644893177067235646e-01,3.537281818674986034e-01,9.840358522125029414e-03,1.138968679685523327e-03,2.532992864423946888e-02,5.771541065806620741e-02,3.387358797572635749e-02,5.778664848437520263e-02,9.574336703585701117e-03,2.035303313803052145e-03,2.761734974362440188e-03,2.652361883190766829e-03,3.836697302763925933e-03,1.033457980968974883e-03,2.060144623330362884e-02
4.555694618272840835e-01,2.182382144056995239e-06,3.312193505253686610e+00,4.481243952416173459e-01,2.843168621666679052e-01,1.902524547155303170e+00,1.570181133080246136e-02,7.449999999999999956e-01,-3.697600445384531298e+01,1.107546115583024404e+00,-8.850594391286947804e-02,-4.962508244241350952e-01,5.000156174205769299e-02,4.332275849030743919e-01,-2.258568490941831042e-01,-4.725294005368530503e-01,-8.001250900318694903e-01,-4.958424243711119783e-01,-2.097849069059373461e-01,1.790066983099812201e-02,1.118629801401789248e-01,2.413384704331828726e-03,3.279570150382001004e-04,1.053327753315125986e-02,2.910714558787560070e-03,8.690119290244316050e-03,1.022135312804935484e-02,2.763116123051257474e-03,3.213746930287681922e-04,1.391173742415956508e-03,5.423129853376503200e-04,9.092019847590184682e-04,1.196059691824835234e-03,3.753096759773780818e-03
3.879849812265331876e-01,1.780716854299089554e-06,3.282562574986605419e+00,4.717926195098634534e-01,2.899106491719786183e-01,2.106519241102188911e+00,1.957914413477283497e-03,8.225000000000000089e-01,-3.764786489262236557e+01,6.825321165824325131e-01,-2.852167888489640091e-01,-3.543724697026974235e-01,7.301610758531404399e-02,5.116825760719057037e-01,1.688654902586355089e-01,-5.361928034038376811e-01,-6.736916044932568237e-01,-3.836909684343106086e-01,2.772063987138976282e-01,7.764788692169705131e-03,-2.010493365138291411e-01,1.266016564879578242e-03,2.105852237050639985e-04,2.806487888741691656e-03,1.435724723094807323e-03,2.401328417582429021e-03,2.013369312034826372e-02,7.903420165634649852e-04,4.491203242681737914e-04,1.949034702517601263e-03,8.511947623471481867e-04,4.280319627165330072e-04,3.818154384876050337e-04,5.299968235617967365e-03
1.764705882352941291e-01,2.011636428527972516e-05,2.111374175791791430e+00,2.450166383000697834e-01,2.296086179115690851e-01,1.496644756088534756e+00,1.548125195660495466e-02,2.000000000000000111e-01,-3.384305873559904398e+01,4.467228784595703717e-01,-2.077922913449995690e+00,-8.234784466622921961e-01,-1.362392217536175121e+00,8.986417812216687118e-01,7.425429798151648164e-01,-4.908229840830946045e-01,-1.153714534642180795e-01,-3.328792209272947722e-01,-6.779315724091781181e-01,1.584116771212426278e-01,-6.274829584690775341e-01,1.022546303586009892e-03,3.974479526607734362e-03,1.326980040259646484e-02,3.346341995400347723e-03,1.756340508042907034e-02,4.494599329294061973e-02,2.588065073477495859e-03,5.203211721749170099e-03,5.678230337318864070e-03,5.600381821372306737e-03,4.427267304021467210e-03,2.269567496344901056e-03,1.172095072537778643e-02
9.011264080100124529e-02,5.104504136983375323e-03,2.932348940240513624e+00,1.240371868070239553e-01,1.193887328318878338e-01,3.080114030190943541e-01,2.670873042537149494e-02,8.500000000000000611e-02,-2.854958293456635943e+01,1.978960170785713402e+00,-2.302189393366301573e+00,-1.119067788907410099e+00,-8.045508272013955908e-01,1.964573984284211816e+00,5.855989668504857359e-01,-7.431192110165302234e-01,-2.722265985303205515e-01,-2.137814573961910880e-01,-2.647330542100541084e-01,8.413600290440077512e-01,-5.735736880045704256e-01,5.269282759822220818e-05,8.272904960014174037e-04,2.231257228468911703e-03,5.671114567607183580e-04,6.466290429477411505e-03,5.702548328389663024e-02,2.041869065316259668e-02,1.067573119917346845e-02,7.903970489624924378e-02,7.145727299499660470e-04,2.559907656723475668e-03,2.744249784619208076e-04,2.476448858678472961e-02
8.510638297872340219e-02,1.047159256401990028e-02,3.255908076056915235e+00,1.387308090450730114e-01,1.326739951441545662e-01,6.187801028206777465e-01,2.752763647694762839e-02,1.925000000000000044e-01,-2.664294414779810438e+01,1.923877797888367880e+00,-2.559650486292675886e+00,-5.905358941181816368e-01,-6.338177319989199976e-01,1.231980316194569047e+00,-3.879680730995284377e-02,-8.431219220919395907e-01,-9.986098179297889232e-02,3.081318623644193067e-01,-5.443176594464759210e-01,5.238296883920383618e-01,-9.589720974165211187e-02,1.636654296956000345e-03,2.103237097576449513e-03,8.719741925724462401e-04,8.081690801681951824e-04,1.702115133359595120e-02,3.400992201893897685e-03,1.124456285044195952e-03,6.226698542556145972e-03,2.727425054565869172e-02,4.365582465150717219e-03,1.355875309262415292e-02,2.631936342526127229e-04,8.068137518504948577e-03
9.386733416770963456e-02,9.439260827745699772e-03,3.301252239751821804e+00,1.577012453381929358e-01,1.509790845531308046e-01,8.808985727354684547e-01,1.376217702535322170e-02,1.925000000000000044e-01,-2.591425894752646286e+01,1.396200363026027569e+00,-2.399344019196060884e+00,-7.353500100373110415e-01,-9.461917169091149660e-01,8.919514228431135727e-01,-3.012805733493475469e-01,-9.272894292707226649e-01,1.472085089766684840e-01,1.648908379537247781e-01,-6.052140466050165424e-01,5.021587545244975415e-01,2.205339560933868570e-01,2.427408321932555089e-03,5.957154370083842139e-03,1.279055899282557354e-03,1.112519931748355518e-03,3.991584578088389762e-02,5.431216736324285393e-03,1.501914328803711715e-03,3.038041435500779867e-04,1.169039564383393508e-02,1.310065182727270829e-02,3.282116584920888314e-02,1.424900665242251688e-03,1.263869236395845190e-02
8.635794743429286990e-02,1.283601932557751867e-02,3.280876553851411970e+00,1.585352758824282726e-01,1.686565079614723850e-01,4.919790784210950618e-01,6.779032027057253079e-03,9.750000000000000333e-02,-2.538553927507083685e+01,1.955404544629264052e+00,-1.894450376011023174e+00,-4.246190806867687906e-01,-4.476607865003092157e-01,7.753056543729925920e-01,-2.700981869749878861e-01,-7.947312439698346331e-01,1.328231165226757826e-01,7.673506274534337701e-02,-5.141484172536531227e-01,4.074982113942479667e-01,6.952429234430730631e-02,3.773355149978285805e-03,7.274006989930034174e-03,3.317756682811234033e-03,4.914455077500401144e-04,3.435729064074791173e-02,4.455874807311088065e-03,2.829198876824625276e-03,5.672538158214254604e-03,6.432012602570677355e-03,5.985631111468309347e-03,7.603183014415409308e-03,6.855457929407879781e-04,8.572927125328169001e-03
8.760951188986232374e-02,1.923435511294886366e-02,3.307537563950007087e+00,1.197582720395572037e-01,1.093797433741875852e-01,4.271026066778916275e-01,7.735724001308760638e-03,9.500000000000000111e-02,-2.610754511082324214e+01,2.520299474622984981e+00,-2.364531967471040108e+00,-3.134563149478558075e-01,-8.721672778938863724e-01,4.214446798876505529e-01,-6.922829904809915114e-01,-1.071605231212915843e+00,-1.839498264780031200e-01,-2.022580724463919066e-01,-1.633368355967832031e+00,-2.189198678023493438e-01,1.331231770972573225e-01,3.302863240198454942e-03,7.164278715078343379e-03,2.799245076803813514e-02,7.823128007309689035e-04,3.204458778283864051e-02,4.632007188558940648e-04,3.804477938555615940e-04,1.607879226656851049e-03,4.314838360312369010e-03,2.118256707044252358e-03,5.568598511588763664e-03,6.522554613741700109e-04,1.044350068671961312e-02
8.635794743429286990e-02,1.434954917255929288e-02,3.306555572691002087e+00,1.373913286684378676e-01,1.518340294007612390e-01,5.727142582560520445e-01,1.334834258132796755e-02,1.074999999999999983e-01,-2.548338049050683551e+01,2.630856795441166796e+00,-1.566089525679641214e+00,3.616710895143604443e-01,-1.406832230321211352e-01,5.184245083312052360e-01,-1.882020503192936844e-01,-1.087170741211079816e+00,2.080417230704510179e-01,1.340051855783121471e-01,-1.555946588137990139e+00,-3.280241786703942952e-01,-2.390872886142267524e-04,9.124751362259535259e-03,1.508455220544975420e-03,9.782558418985909388e-02,2.598447915494145593e-03,1.363611325242580254e-02,9.783738216839301446e-04,7.687694854302937111e-04,2.178843694975858515e-04,5.016853858213776891e-03,1.720800705592302055e-02,1.063183028712505994e-02,1.433280084124445358e-03,2.602458686296655818e-02
6.883604505632040516e-02,1.130488578025899346e-02,3.306244636764931411e+00,1.245617959752680914e-01,1.537325119242171911e-01,6.780427393618755350e-01,2.250037184470485632e-02,1.724999999999999867e-01,-2.598977893369096748e+01,3.148656091869714846e+00,-8.666464812030801879e-01,1.178836682392110813e+00,2.799292559148227055e-01,3.585122177227061391e-01,-9.799538980510258401e-02,-1.372262487603524095e+00,1.165125691691257237e-02,3.735402480029751948e-01,-1.234101088303130034e+00,-1.208906513081424994e-01,2.929341851725725809e-01,5.076580028561168689e-02,2.319938216195915350e-04,1.108930394339069092e-01,1.156996444425977509e-02,5.065315949300856595e-03,2.037460520299175324e-03,5.048253418564773928e-03,3.089262369424260234e-04,1.914990515242410247e-03,7.655983897322624077e-02,8.299056077815579469e-03,1.163260187987924868e-03,3.505851941485111506e-02
5.381727158948686196e-02,9.813501754515025627e-03,3.287483074842386443e+00,1.391342618680900811e-01,1.731726045419426929e-01,5.937053458780811033e-01,8.784932931525785832e-03,1.250000000000000000e-01,-2.550173140975756070e+01,2.691685171376816399e+00,-7.033425415535192737e-01,1.398893036115459010e+00,4.616163105934397715e-01,6.816760052151924487e-01,2.386419121549750999e-01,-9.983145477012710378e-01,-4.829339665448176278e-02,2.250918284491572052e-01,-8.973739502086647279e-01,-2.766954840877881017e-01,1.924701947322592088e-01,1.174168203472983618e-01,2.104098126999056609e-04,7.808724055968144229e-02,7.718243150297676713e-03,8.113687251866438799e-03,1.374564798618588355e-03,5.348108929606569528e-03,2.873735826267834084e-04,2.825647279417534390e-03,2.539375272762503175e-02,1.040720519186435350e-02,1.086998334612136654e-03,3.564179279506462378e-02
8.760951188986232374e-02,7.310988170254189254e-03,3.295732982478051909e+00,1.264095467391145311e-01,1.486750315286638202e-01,8.937613437140999872e-01,1.083529330738242265e-02,1.749999999999999889e-01,-2.617491770655059113e+01,2.824422821509620540e+00,-1.294157082652813706e+00,1.576684103063580089e+00,3.583143939190845395e-01,6.413397040358689294e-01,8.146877224357992331e-01,-3.549954742063494706e-01,-4.618759254230774686e-02,1.786363975613138588e-01,-8.309114862961665127e-01,-1.524830593060136352e-01,3.214526464748302947e-01,9.540904795382293413e-02,5.238554541376708737e-04,9.254282811078312632e-02,3.257384855973787831e-03,6.173181302110712990e-03,5.781023314646578475e-04,1.099327894018874673e-02,1.139201678924998094e-03,8.737776503084764002e-03,3.934319846699501667e-03,6.699271552373334271e-03,3.033405670355777961e-02,3.322661216930625910e-02
7.509386733416771598e-02,7.641897942512442150e-03,3.222083156034451612e+00,1.214944392995788158e-01,1.602914647859958464e-01,7.682151232448035660e-01,6.051877486114315245e-03,1.400000000000000133e-01,-2.702223289278830975e+01,3.374666243750210182e+00,-1.613856134396371100e+00,1.396928593485332382e+00,8.591978574026571946e-01,5.512318143686461003e-01,1.639247917671798893e+00,-1.395147621668354487e-01,-5.247569158562440661e-01,6.968951810737943064e-02,-7.359457861330126471e-01,-4.125759388841215847e-01,3.622706734366570869e-01,6.711789067818409171e-02,1.154633398037016177e-04,1.192954815635558080e-01,4.825876662430582387e-03,8.321572387483712821e-03,4.648969032019886934e-04,3.125761387539866681e-02,3.940824659686129397e-03,4.591622027634560828e-04,2.507521311924297558e-03,5.717603265371806916e-03,3.530438040353602730e-02,3.488686862051165044e-02
6.007509386733416584e-02,4.069691488720284141e-03,3.146741427128253665e+00,1.229348512969340584e-01,1.679803688292921260e-01,5.654493244788023620e-01,4.929582790074928285e-03,1.400000000000000133e-01,-2.827491804187436131e+01,3.045502203414458986e+00,-1.275203916932862169e+00,1.702140813839449596e+00,9.233893947462448182e-01,5.694868400877388659e-01,1.719061966632324578e+00,-1.746761555658034315e-01,-5.986710652896344298e-01,-2.794625070885196627e-01,-5.618609108931191809e-01,-3.222216641698937289e-01,5.819179631363475824e-01,6.298017127092830902e-02,9.570702058215201427e-05,1.469983656328882338e-01,2.107076624312139140e-03,9.510406557044279521e-03,3.459918581358744001e-04,4.830335966815908766e-02,3.054910996972798245e-03,5.746622905746194034e-03,1.719393866040664362e-03,8.070281929762153014e-03,2.858397804640682143e-03,4.185960113454532255e-02
7.634543178973716981e-02,8.048137923522069928e-04,2.829122964243143024e+00,1.807682865990673238e-01,2.404202166212419667e-01,4.172945531287037269e-01,5.745971785390447013e-03,8.000000000000000167e-02,-2.920011267052632320e+01,2.791561764831577808e+00,-2.047364044646401426e-01,7.613143316338550903e-01,4.638526004870187069e-01,5.199670450896407559e-01,9.264031877739283827e-01,-3.109464369463444400e-01,-4.521827547368750255e-01,3.458420891724960367e-01,1.016909014316186299e-01,-2.576172905941221392e-01,1.647354560597895368e-01,4.685274929946942057e-02,2.193864547301474608e-04,1.761235874826544145e-01,3.576664548934685266e-03,2.280907711132575469e-02,1.104371407440712721e-03,2.222690703467812556e-02,1.026936786443531820e-02,1.711255243089504757e-03,1.820214903902938296e-03,1.540773960187307931e-02,4.681605618765307254e-04,4.740106725452978426e-02
2.365456821026282741e-01,8.114260242474014158e-05,2.848364884406943798e+00,3.335439656008422071e-01,3.187008728499301502e-01,9.725380599971779061e-01,3.779311159430943749e-03,5.300000000000000266e-01,-3.342394032844582341e+01,2.339083385292679118e+00,2.990014202920628916e-01,1.123972354286623565e+00,9.399537437691745101e-01,4.520927800099370786e-01,1.268621205036837063e+00,-4.897868198839704368e-01,-3.796149534702850659e-01,1.704746308959297352e-01,2.572675902683608240e-01,-3.004414480905507889e-01,4.172493585635149160e-01,3.785740097087642031e-02,6.992303792538051576e-05,1.879686846837267389e-01,1.375192931950826748e-03,2.101820584953162374e-02,4.052457306525547760e-04,8.378836364398397490e-03,3.750623549779909336e-03,1.193319609850310419e-03,2.510480581884555560e-03,1.230499391042688857e-02,4.448773588596355191e-04,5.086414070471668297e-02
5.018773466833541530e-01,1.438595307351631604e-05,3.251104796586633761e+00,4.869002814171755622e-01,2.780009985707309617e-01,2.435789922956673070e+00,1.074526648824849356e-02,8.249999999999999556e-01,-3.591490909736886294e+01,1.241667251877272227e+00,1.057331405378250322e+00,7.272532472113620861e-01,7.216968415242539514e-01,-4.326997193729097135e-02,1.047269669921624402e+00,-1.353885933937081787e-01,-2.484972536335293414e-01,2.385186795845280483e-01,4.443311864941741629e-02,-1.422265110175672392e-02,6.819267108584403658e-02,6.597318546414741164e-03,3.747445904462589993e-05,4.831816264922179915e-02,3.471709562742752476e-03,7.120243758705809174e-03,2.576036551690301596e-04,3.227571349914624445e-03,2.639681597988785609e-04,3.321334686498965318e-04,1.708735154844358327e-03,1.270415267199965928e-03,3.375948909186297139e-03,1.286603902272234930e-02
5.193992490613266177e-01,1.342399976922750547e-05,3.280291859761589102e+00,5.418403610524116232e-01,2.269186565388316423e-01,2.473482421984694035e+00,7.615442471706025847e-03,7.624999999999999556e-01,-3.722431147430783938e+01,-6.481886113486105827e-02,1.001390929011104491e+00,4.328561787076634637e-01,1.114453642892585084e+00,-2.558692300002338715e-01,7.156313586238528535e-01,-1.186963486849845623e-01,1.043473848373851071e-01,1.786897992257835133e-01,2.833572318874473805e-01,-1.407319944391042521e-01,9.455479106883478424e-02,5.224608389118450295e-04,1.013941015475036130e-04,7.839992710872058105e-04,1.256444944909111466e-03,1.609170779611401305e-03,5.298167808624087071e-05,8.128814396268472945e-04,1.701568630288086300e-04,1.785763073044713994e-04,5.903671072290337654e-04,9.177475992572938597e-04,1.418351490619332127e-02,3.772396169933658200e-03
5.043804755944931717e-01,2.436354516661582716e-05,3.246328718103074440e+00,5.299945075118218663e-01,2.112592743333080170e-01,2.278592581505328951e+00,5.373111252268131591e-03,7.175000000000000266e-01,-3.748214852194131197e+01,-7.569405649073882580e-01,9.945466220939487567e-02,6.998907411695082237e-01,5.024729404462691118e-01,-6.500433914652260503e-01,1.194068152978388753e+00,3.243361627964140848e-01,-3.817164184154836493e-02,9.792702453123722228e-02,4.460449571594025109e-01,-7.119544350489190876e-01,7.585539759968641660e-02,1.166756825099821929e-03,6.598259857550130498e-05,5.054000458459995560e-04,6.776463190821166958e-04,2.203941487518958423e-04,2.176399595600197068e-03,3.340684111847219326e-04,3.941226095119361537e-04,7.502921431823461390e-04,1.705477331598272606e-04,1.622689060313600164e-04,2.132558546940208077e-02,5.754952710818662422e-03
4.117647058823529216e-01,2.668145825107766245e-05,3.299161782806955046e+00,5.197147864233427894e-01,2.174569337518156564e-01,2.404144846238954081e+00,2.825115733262671940e-03,6.724999999999999867e-01,-3.704623342792015706e+01,-4.286524045798746352e-01,-2.049150309511326568e-02,2.045830778924629667e-01,7.562103830547778349e-01,-6.715009872127675195e-01,8.266910664240737505e-01,9.001245047084538431e-02,-4.044026250581387871e-01,-2.367232949229998093e-02,3.277369895456060389e-01,-4.877650049336583749e-01,-1.371774593208988091e-01,1.654792594323816922e-03,1.000113058918654146e-04,1.624900473708486151e-04,8.128878847737249728e-04,2.373481467736115666e-04,8.670970316592230363e-04,1.467655939131724211e-04,5.250036242451629545e-04,2.895249707440134814e-04,8.021665444083960666e-05,1.546094809398735617e-04,9.033665798283607370e-03,2.411399934660171142e-03
3.379224030037547011e-01,1.584607542649902798e-05,3.162944682638211269e+00,4.999421028869862615e-01,2.533620603932434934e-01,2.159753809789411338e+00,4.558112414113551190e-03,8.325000000000000178e-01,-3.718437404109506872e+01,-6.530918533458629494e-01,-4.398906055597612275e-01,5.327294197933907238e-01,6.329354778923761415e-01,-1.014594860789752140e+00,8.889879492013100792e-01,-3.895984827169737125e-03,-4.815904583478466949e-01,4.152414674696262020e-01,3.632187009806022715e-01,-2.231590271239924372e-01,1.378133134796928339e-01,1.588954143322504099e-03,5.643852320695527680e-05,1.457708304254457562e-04,1.568359461787572013e-03,3.202178086973760736e-04,5.450662609971210909e-03,7.331529247927295271e-04,1.528624892420969771e-04,1.554949370499071495e-04,9.406743586599040083e-05,1.248980683230813192e-04,4.724122686041058901e-03,1.796047946618091473e-03
4.655819774718398252e-01,8.947783982088646903e-06,3.274500591909614400e+00,5.098969478143472456e-01,2.351550174159505457e-01,2.581959487455999458e+00,7.003452205723140200e-03,8.125000000000000000e-01,-3.760145306537125975e+01,-9.075772329532271199e-01,-1.924328847412337118e-01,2.050398152831163223e-01,-6.361524742810024946e-02,-7.852670622096291630e-01,7.836569289759471868e-01,-2.906010444609261612e-01,-4.348995287958785094e-01,4.315631383262080734e-01,-1.731878655753200935e-01,-4.272329379856200648e-01,5.066267667190946788e-01,6.232866388316059096e-04,1.426283689375286976e-04,1.762864989427811329e-04,5.286329215797348508e-04,5.444729453715475251e-05,8.551499308947325354e-04,2.102747609740489732e-03,3.555542565981288823e-03,6.768305313789721922e-04,8.913039890850917978e-05,2.271523978700648529e-04,2.602450014502327019e-02,7.035014004632095079e-03
2.115143929912390586e-01,1.161490522713476935e-04,2.857846074645405299e+00,3.193845411634644860e-01,2.293938876640583546e-01,4.978186622461327482e-01,2.430454208691770410e-02,1.749999999999999889e-01,-3.429744165070578532e+01,-9.852974718888698469e-01,-1.154749716441372254e+00,1.558281750831699508e+00,-4.319093260341707596e-01,-4.820701734385975934e-01,8.909695010993796682e-01,-4.659348526654160660e-01,-2.950534733296740139e-02,6.292311193115591728e-01,-3.628153968845660993e-01,-1.906186428705415603e-01,5.513316017030440719e-01,1.300445376392699677e-04,6.225166472006360343e-05,1.290952626601280732e-04,1.419501593450596161e-04,1.435833865640007774e-04,9.141134425537076908e-04,7.806381192182665005e-03,3.776601076785197214e-02,5.342364572743594359e-02,3.823518405519076035e-04,2.173309819247992638e-04,1.244375615677480607e-04,1.704961262727414106e-02
1.476846057571964965e-01,9.343594776949850798e-04,2.985800226354432763e+00,2.048550534078857344e-01,1.792377615420645831e-01,1.174957089427321133e+00,2.269593182883983262e-02,1.749999999999999889e-01,-3.049959218549048146e+01,3.841242516155379816e-02,-3.205872387491008002e+00,5.142667083312498777e-01,9.180282248672615442e-01,9.054840211556790253e-02,-1.555702374877665772e-01,-4.396126435833626056e-01,-3.718630402889739339e-01,1.139171064462052962e+00,-3.870717270518242437e-01,-4.756550560004894068e-01,6.851187364818690506e-01,1.349933364555798302e-03,7.528548266578955232e-04,3.820838538510987984e-03,1.088881842841669652e-04,2.625775564364138761e-04,2.611930262641674189e-03,1.662429728881406827e-03,6.837659593270399225e-03,3.595526557581100319e-02,1.899982657852356677e-02,2.331339930639220528e-02,7.543542582085788076e-04,1.116680946209540858e-02
1.952440550688360477e-01,2.805549478742900963e-04,2.362144938321434129e+00,2.203218830433613940e-01,1.989512907366954575e-01,1.365362544482136675e+00,5.343205987261501026e-03,1.724999999999999867e-01,-3.021320845485367457e+01,4.552867756021187207e-01,-2.454551893429959719e+00,1.994456033015418184e-01,7.715126871802183706e-01,8.795389433077027697e-02,-1.299696209935450241e-03,-4.575800616056097669e-01,-1.881694474635204062e-01,8.764443098229792728e-01,-3.493971996727909812e-01,-2.537514344991729787e-01,3.238995137999018392e-01,3.766446423329276698e-03,1.623175424660441282e-03,3.768593038278358117e-03,5.322530000987639887e-04,9.530613257695539665e-04,3.835269443350872599e-03,2.105682689873000519e-03,1.707791689225515719e-02,1.269965157300783146e-02,3.970515009619249996e-02,3.138518781717060391e-02,1.766694964755528797e-03,1.253166659901164270e-02
2.252816020025031341e-01,2.010419784885073910e-05,3.186127425790505896e+00,3.078019476132907717e-01,2.558978227670745120e-01,2.044364347505679191e+00,9.683541376096251735e-03,4.349999999999999978e-01,-3.297104099826792378e+01,1.240498433033335735e+00,-1.289531699659926200e+00,-5.789475851613090640e-01,-3.679662111112397271e-01,-8.646371490928650427e-01,1.733141920549490303e-02,-3.767853229230732071e-01,2.907003904173882103e-01,2.303851834063591619e-01,4.561146328125392779e-02,8.960669512331277675e-02,2.998217685236979069e-01,4.122748352535807702e-03,3.524313749233625066e-03,5.991585730729463710e-03,2.458760370168866852e-03,1.737668220454419848e-03,3.214279159964159548e-03,2.774620737680085630e-03,8.911021545932446691e-03,8.708036153762159851e-03,1.366853950505702263e-02,5.950354234170898531e-03,7.047230603455038357e-03,3.328862871864865167e-03
6.758448060075093744e-02,4.168074283884655928e-04,3.051756204984719112e+00,1.752921112760237876e-01,2.300288642981529463e-01,1.869336026093451619e-01,4.106983905506060573e-02,5.500000000000000028e-02,-3.219016143120180828e+01,3.462975524888569190e+00,-1.042424496632820830e-01,-9.903034702152190283e-01,-1.619325248646128923e+00,-1.118250754081960618e+00,1.900617616536069698e-01,-5.277301269531396027e-02,6.654828905485803414e-01,4.505182118824149207e-01,-1.530073028304292926e-01,1.955604459913843074e-01,2.829936317002344492e-01,9.435506498798460623e-03,1.770733235395504507e-02,9.347535781638457650e-03,7.019588738461134472e-03,5.627770389227800202e-04,6.343151065107146235e-04,1.024855852779442411e-03,1.783243460416391321e-04,2.925682178849411605e-03,1.303686610754807851e-01,9.086753200913649797e-03,7.835456928975328278e-03,3.474198358560418032e-02
1.389236545682102641e-01,2.099451293214336987e-04,2.704704356606443483e+00,2.462058848801070010e-01,2.503002716172622044e-01,5.134678082464260163e-01,2.785368521123643415e-02,6.250000000000000000e-02,-3.186307120580453400e+01,3.053045318636493644e+00,-3.912933594155895006e-02,-1.090366953912830450e+00,-1.369975350399349256e+00,-9.160929038705404315e-01,1.691234742924686008e-01,1.510238254819658843e-01,6.226509050691622082e-01,1.410844578441394215e-01,-4.909719837441351570e-02,-2.433171611336133744e-01,5.213131874000739852e-02,1.068350169985923977e-02,1.039589166440797185e-01,2.284147179687972748e-02,6.677222038312829490e-03,1.237392106210155607e-03,1.492457189431874469e-03,2.407132959669757485e-03,1.383569464996786430e-04,4.646384912531358567e-03,5.180316670613523827e-03,3.120692018433495959e-02,1.479973994796758216e-02,2.773010460255704440e-02
3.454317897371714796e-01,5.128599906429548785e-04,2.919772057701518708e+00,3.888800176316782320e-01,1.925302654456400031e-01,1.573949265024475519e+00,1.608188419556965537e-02,5.074999999999999512e-01,-3.207408003492612636e+01,6.704116573565048753e-01,-2.101877086620061730e-01,-2.419542595887440140e+00,-1.309692205898964623e+00,-9.054656949636936680e-01,1.443333794587134677e-01,5.998608759214907327e-01,5.745815782703970198e-01,3.366239480248862659e-01,-1.389855033331083844e-01,-1.193770558422347361e-01,-3.671411387912220103e-01,2.802966696596190591e-02,2.030356391716515302e-02,7.832884914161548570e-03,1.726262586318211539e-03,2.758639182611421440e-04,1.597259306706465254e-04,2.142783819604735743e-03,1.132005959462577965e-04,1.390515483196982200e-04,2.412998261640794499e-03,2.957991805116742465e-02,1.836230338808084780e-03,1.082479039026894470e-02
2.152690863579474478e-01,7.694025105989163145e-04,2.720740925875754002e+00,2.404758852314153594e-01,2.221202936647957149e-01,1.075702181904396815e+00,1.552024639127816581e-02,4.375000000000000000e-01,-2.947779529994914327e+01,2.728558057848975871e+00,1.822476048535612625e+00,-9.169257357967582900e-01,1.859118122646197593e-02,8.771734506552305577e-01,1.451143253346666440e-01,4.565366252519647561e-01,2.421539826648342886e-01,-2.396915123468293940e-01,1.432909922933943703e-01,-1.561238682413751411e-01,-1.794919446903703864e-01,6.317474520877624025e-03,2.095595944903386881e-03,6.483025322221440401e-02,9.757682173934344519e-03,5.932335973832373460e-02,3.482480768133702515e-03,4.435460614188218437e-02,6.271315384278382948e-04,1.026308218274077280e-03,1.208080053422485277e-02,1.720396213883254935e-02,2.240758558968463342e-03,2.260685829013542314e-02
5.506883604505632274e-02,1.308333111486847077e-02,3.210253328882877177e+00,1.322691787822809495e-01,1.898673646087350175e-01,1.308607084623439054e-01,1.735275822080365252e-02,6.250000000000000000e-02,-2.553621806745900713e+01,3.280121442732911063e+00,3.213007553070915678e-01,7.702671341401575757e-03,-4.220161782175035903e-02,9.543859260641688325e-01,3.931968733815358052e-01,1.100706745422077443e-01,-2.682622834985550209e-01,-7.072632001266901947e-01,-2.986754970734145087e-01,-2.956418370777432747e-01,1.232850806362964652e-01,3.037755191124650450e-03,4.836224043155045371e-04,2.244154857328631986e-02,6.907403069210195368e-02,1.332255752563022977e-01,4.577089474288785660e-03,2.234779926040171560e-02,5.750538605870519904e-03,4.483983664373045164e-04,4.184439151071254331e-03,2.702554570310484842e-03,2.418860190940703948e-04,3.830089929744034949e-02
5.506883604505632274e-02,3.109398575961005648e-02,3.272045784824021641e+00,8.401571187909567806e-02,1.131715093154703061e-01,3.725124367327293379e-02,3.066525514446820019e-02,6.250000000000000000e-02,-2.629965370622263876e+01,3.838939570736524587e+00,2.738006702883817867e-01,-6.883337520369385842e-01,-6.328348930043310450e-01,1.173060585771714015e+00,1.510026687609870855e-01,8.263588817106887197e-01,-1.792720763028891606e-01,-6.358760033293628933e-01,-3.644833267095345386e-01,-4.328159172236740737e-01,3.030689060323692521e-02,7.958336199718664015e-04,9.492261529021445675e-04,8.759966517612734205e-02,1.448669734150453414e-01,3.574334768117668620e-02,5.545593608695098531e-05,2.548676442923564298e-03,1.352544070581014352e-04,1.202996957336611880e-04,2.020626560353701025e-04,5.993653274082935429e-04,4.488054608899194197e-04,4.442887127485636856e-02
4.005006257822277954e-02,5.246675887973240721e-02,3.137656432523791672e+00,1.214631952156955269e-01,1.783668570779876617e-01,5.588259895374924485e-02,8.289065311022919200e-03,5.999999999999999778e-02,-2.485443423573439858e+01,3.383968861231885228e+00,1.211485781545138529e-01,-3.857472201866023465e-01,-7.040099885271861035e-01,7.327610853899999555e-01,1.423002459840186362e-01,1.544095068056832720e-01,-5.844536658664403195e-01,-8.255655641902783781e-01,-3.053741862910579474e-01,-2.627603649863486518e-02,1.751956544614422517e-01,7.389570950415948669e-04,2.958215383339814902e-04,5.796863391421566702e-02,2.086505032406564542e-01,1.842513395317844221e-02,1.960590914378631741e-03,1.315601752520847512e-03,1.498231216729704917e-04,2.520488522160799281e-04,5.209274367894906662e-04,4.530957193248776418e-04,2.002542057908191972e-04,5.787073866309302289e-02
4.505632040050062265e-02,5.390682164383912844e-02,3.163990800924356694e+00,1.245050459825040867e-01,1.856669992244618095e-01,5.823314619625223620e-02,4.415102720073391281e-03,5.999999999999999778e-02,-2.428691457128585185e+01,3.572896472843447579e+00,1.314695265982099293e-01,-4.240585503148390223e-01,-5.184625747627845671e-01,5.641716403101004751e-01,2.547017375588598309e-01,3.849532332024464543e-01,-3.233822714998335623e-01,-5.556960944172103511e-01,-3.791517963645436029e-01,-2.215228532077622159e-01,8.129044214948434599e-02,1.570488438844877847e-03,8.523782157603318997e-04,7.395459755983888051e-02,1.702551338670295344e-01,2.161366848635143390e-02,1.508165567707445620e-03,2.426665305436782796e-03,2.211951355190233161e-04,2.870372941956142909e-04,2.835858588909376688e-03,7.971484214206372293e-04,3.043914424930775457e-04,4.879091385727857277e-02
3.003754693366708292e-02,5.886360586682823359e-02,3.148748551980319554e+00,8.376977980859583173e-02,1.304436170313663657e-01,3.741893248424635332e-02,1.849150859083966911e-02,4.499999999999999833e-02,-2.595515430860174533e+01,4.362259784922233763e+00,2.232002897879829195e+00,-6.514175080982839150e-01,-1.596897133641258293e+00,3.571483394282984336e-01,-2.064934813868593011e-01,7.680262473119208178e-01,-6.749980323828831397e-01,-3.882371794422119771e-01,1.496510387853877133e-01,3.158219188256812804e-01,2.697157784063689001e-01,2.103985117123069980e-03,6.572091548996397345e-04,1.637144308983800797e-02,1.664711394751073881e-01,5.495570427443582928e-02,3.161212168428593171e-03,1.835433442202914940e-03,4.330158872126107485e-06,1.547131760015902843e-03,3.336841011015471981e-02,3.088048617808848272e-03,5.564949716887789607e-04,4.602324101243559368e-02
4.255319148936170109e-02,1.030087878665656848e-01,3.193603228193818477e+00,1.138669731162749027e-01,1.665457206914515709e-01,6.336756043586999620e-02,4.262728014676261425e-03,5.999999999999999778e-02,-2.391325191871314715e+01,3.697034643578476665e+00,1.134901496251718767e+00,-7.856147820469330245e-01,-1.080893682188103888e+00,-5.073422965844573418e-02,-3.108842734810601804e-01,5.611857214203920252e-01,-5.487298548030146161e-01,-7.858409144796589876e-03,-2.176915807588889473e-01,1.535241042448530213e-01,2.043629348807071699e-01,1.660575610633540982e-03,1.050556992235662139e-03,2.746074248012935273e-02,1.824382780953199834e-01,2.240690967627455288e-02,2.600651597575379202e-03,1.079922185957722181e-03,3.115303644126075325e-05,1.067388789760751432e-03,4.203632224605922951e-02,3.840156067708537947e-03,1.382089388312517531e-03,4.955621846910576722e-02
3.254067584480600794e-02,1.185415477797393952e-01,3.218223148473613904e+00,9.056301262995800072e-02,1.267169537697765136e-01,6.676750508317699784e-02,2.824208874906644889e-03,4.499999999999999833e-02,-2.488306114288610615e+01,4.519683954908755297e+00,1.860277102416296735e+00,-1.723100180176303509e+00,-2.661985774949376937e-01,-1.150353588780098080e-01,-5.716104725938957465e-01,6.098787178559897937e-01,-9.288677738170457721e-01,3.080842205937753819e-01,-2.141447032681068063e-01,1.686167618094381593e-01,7.378345764026560116e-02,2.028053579765681357e-03,5.875830859783684424e-04,1.669504391002808036e-02,1.773815568103952467e-01,1.508231341873788288e-02,2.020867895840884523e-03,2.167493501164433675e-03,5.650049951063405227e-05,2.025663075003574128e-03,6.527653427627347349e-02,5.131806438111941732e-03,6.348764047256239300e-04,4.942265989594636644e-02
3.379224030037546872e-02,1.297782070569904189e-01,3.182990633151016269e+00,1.256064887069968938e-01,1.822981397379755675e-01,5.719794778069323821e-02,2.854055465735795723e-03,4.499999999999999833e-02,-2.367215766396018850e+01,3.422633888599542651e+00,7.958080713819526419e-01,-6.510047840554045173e-01,-5.670308745580333598e-01,-1.067312074382009979e-01,-3.853871781517236861e-01,1.269888899500715707e-01,-6.049689611486541718e-01,1.562023164006899334e-01,-1.281455923489217830e-01,1.645219203378457951e-01,-1.409525743311818013e-01,1.098270738826430306e-03,3.562030322176901903e-04,1.119723765266351923e-02,1.768438846410307352e-01,4.786816352029302571e-03,1.007360270581296848e-03,1.484188783267913637e-03,9.587712453289188273e-05,3.866065208707829791e-04,8.780740926015045966e-02,1.920162606673215134e-03,7.601499851898167737e-04,5.183422382043771648e-02
4.005006257822277954e-02,1.398469265314778998e-01,3.188054638830174703e+00,1.577866173950655260e-01,2.168452873855713225e-01,1.074925486049196077e-01,3.243984122228381166e-03,4.499999999999999833e-02,-2.270134717410454073e+01,3.001734026866625271e+00,4.630733811832354885e-01,-3.432527397857503826e-01,-2.536866771471221749e-01,-2.122316513111451586e-01,-4.698934709156338263e-01,-8.659065773117081977e-02,-4.423075698496962138e-01,2.521113171704865152e-01,-1.412560646825210542e-01,6.054372992352423030e-03,-3.350467101767145572e-01,2.379253423504453738e-03,3.433050167670445877e-04,1.265236618172096809e-02,1.661007789125531209e-01,5.688564065163365276e-03,6.145936141137059352e-04,2.088667231075548233e-03,3.666106326579053544e-04,7.651161894436447290e-04,8.809973413455046698e-02,3.031014990047627925e-03,9.395429855126585924e-04,4.906408950463806568e-02
3.003754693366708292e-02,1.024209062634468259e-01,3.212961221792203226e+00,1.058074999079548495e-01,1.631914282764502511e-01,6.113246495645348333e-02,3.601308114891085474e-03,4.499999999999999833e-02,-2.417928871191850249e+01,3.916473519708624451e+00,7.393088273462834481e-01,-8.762591104263492969e-01,2.131349159695924145e-01,-5.759062706831672568e-02,-2.489028942508517694e-01,1.153836896990441119e-01,-8.389036389262342075e-01,3.744745788493222816e-01,-3.735064456037258118e-01,1.923732259094525499e-01,-2.680245343065262853e-01,3.086730020673419776e-03,6.890311218180986282e-05,1.429821096648766984e-02,2.055622194611016196e-01,8.585172548138494952e-03,1.412862067486203447e-03,3.537122625636201882e-03,3.012968710421973510e-04,3.410830927749041873e-04,5.514848031331375661e-02,5.204857643660188750e-03,3.648774483206831455e-04,5.644380808403093308e-02
3.003754693366708292e-02,1.025990725129026504e-01,3.177782488085442392e+00,1.372212839966185371e-01,2.023554692663016852e-01,4.943462934430983141e-02,3.483378132399031057e-03,4.499999999999999833e-02,-2.403703309752868833e+01,3.274964541856386191e+00,4.486255293758429352e-01,-3.631623825109040471e-01,-2.754620409076223297e-01,1.201136527699067369e-01,-2.153367018244349562e-01,3.764682663121503986e-02,-6.163617542300947605e-01,4.741885679457559510e-02,-1.616951427167959421e-01,1.825846410449257773e-01,-7.778848887697438486e-02,7.096816682383631737e-04,5.019176085725863396e-05,1.226661670777195491e-02,2.192041551670960153e-01,8.775303288474018901e-03,3.196927701130094428e-04,1.266599895164978364e-03,1.237968826884010146e-04,1.332101065008556675e-04,5.051886809407079432e-02,8.302410623956605869e-04,2.507737525721523615e-04,6.028271392439667198e-02
2.878598247809762214e-02,7.774665229146096590e-02,3.131337766832303249e+00,1.198970710557394487e-01,1.803330707433731805e-01,5.977727269864938769e-02,1.764562236329566929e-03,4.499999999999999833e-02,-2.430172158534392324e+01,3.464936000642025782e+00,2.447636009300455939e-01,-3.649729153723073050e-01,-4.805863411670683316e-01,2.691970396882881200e-01,-3.672210345008220522e-01,1.100800748247261936e-02,-7.196203227933698487e-01,5.829751195971794725e-02,-6.363921715014617120e-02,1.733085553787643840e-01,-6.486183757353408685e-02,1.078755954628214620e-03,1.733729208296388101e-04,7.059934756357614041e-03,2.364548259953155041e-01,7.550345872112524531e-03,1.409094743849659661e-03,1.139000002732115137e-03,2.515916138365977732e-04,3.007281947132181489e-04,4.231751353187464260e-02,1.155190231997587540e-03,3.296017443540716569e-04,6.477752444893773720e-02
3.003754693366708292e-02,4.041768940721511549e-02,3.107763689092191139e+00,6.482500803243342047e-02,1.036737314664296361e-01,1.305232293846450564e-02,7.357479141722382196e-03,4.499999999999999833e-02,-2.648895845531286852e+01,4.803502506438817043e+00,6.476671022862727778e-01,-1.877379590696579281e-01,-7.522251426997456081e-01,4.281918943405728095e-01,-7.142804963606355084e-01,4.837190430415673481e-02,-9.879066221383357993e-01,1.008560711752539141e-01,-5.457764012317699309e-02,3.930825335610281801e-01,-7.807288667774713031e-02,3.008087412529461546e-03,1.619646506110051305e-04,2.243646152643808886e-02,2.385197716172501314e-01,9.132144141560043227e-03,3.931136161472095249e-03,2.750672961337046439e-03,1.042477704110017782e-04,1.072626395769350370e-03,2.105682224692499716e-02,2.867643488148456134e-03,4.215373481562431331e-04,6.467088247385853472e-02
3.504380475594492950e-02,5.198020022239338220e-03,2.913837672612799246e+00,1.386290956547037989e-01,2.081463316847129708e-01,1.010699602463165508e-01,9.724720785044438376e-03,2.999999999999999889e-02,-2.788157997926849774e+01,3.222834964649216705e+00,6.901090054731978674e-01,6.429768477916831815e-01,-4.225233204428937017e-01,4.196797766005127411e-02,-3.974421256856783269e-01,-3.324253849173952613e-01,-2.591354237919438197e-01,-5.768113942672863370e-01,-2.351584149837544491e-01,-6.516449280159729296e-02,-9.898973264532341665e-02,5.443329130688499308e-03,3.043967093418763789e-04,3.033664360017425746e-02,2.545954479439019313e-01,1.966908949596427730e-02,4.670936597196707549e-03,2.948965138059534731e-03,5.157044182639295213e-05,1.379012448396006296e-03,1.963565088557740149e-03,2.208475629190075149e-03,2.974666920202746626e-04,6.919541619799322862e-02
1.501877346683354320e-01,1.343215461701268560e-04,2.928678705730433762e+00,2.404525701716541952e-01,2.481712093732878210e-01,1.176563992921737967e+00,2.291073804589329257e-02,2.349999999999999867e-01,-3.233227028544020243e+01,2.293344823506169750e+00,1.447029886719205294e+00,2.947030063315608794e-01,-7.298325945170738294e-01,5.594858211305482332e-01,-8.825133419353798914e-01,-2.634980126557220914e-01,-1.870055297410869732e-01,-7.637810896707979413e-01,1.425491034968378035e-01,-3.943473183490440181e-01,-1.326881083993350641e-01,9.111495388739199522e-03,2.295560672591619861e-02,1.661352368024244727e-02,1.435905083002843863e-01,1.432955176337894279e-02,2.626749456563486507e-03,4.568135654966979167e-03,1.023308836811688663e-04,1.986164618824625989e-03,2.549245767264856147e-03,5.250932987183793733e-03,6.961049768487061066e-04,3.827563618701481513e-02
3.516896120150187488e-01,4.025277375275385159e-05,3.206517620280766145e+00,4.233698087601178717e-01,2.605590261467229385e-01,2.089860503212659371e+00,1.678831281035560175e-02,6.424999999999999600e-01,-3.549001076812911748e+01,1.675680071409509697e+00,1.787728506450699806e+00,1.206720426380674782e+00,-4.381466216711401435e-02,1.155992919125734986e+00,-5.807137719526079822e-01,-4.479927415581796968e-01,7.443296492197128134e-02,-7.180450652090478725e-01,6.499293228494602559e-01,-3.418529876457647720e-01,-6.935438103677839250e-02,3.795664502880281930e-03,1.784741801200554617e-02,6.070970090470199226e-03,3.363681564975865707e-02,2.460750471743973142e-02,4.769153122157494124e-04,5.437793927291549763e-03,9.473393532783490160e-04,1.292345869623351981e-04,1.144795494288158681e-03,9.419348808536053995e-04,6.414885482605493545e-05,1.074707659378976513e-02
3.954943679599499107e-01,3.367451537880200270e-05,3.069232007714743027e+00,4.476439152178395275e-01,2.397769517505732306e-01,1.951818956516674364e+00,4.377720797260484936e-03,6.574999999999999734e-01,-3.561137068427318297e+01,8.583901587905857777e-01,1.403047332416780479e+00,1.011878629119202344e+00,-5.979580221485032432e-01,7.344273585476374100e-01,-3.563345845415288315e-01,-3.127165869984661062e-01,5.767945044387166043e-01,-5.898811553671783336e-01,9.066887506524997642e-01,-1.247356912613464264e-01,2.162077383675271303e-01,1.046598377459542414e-02,5.372849137300964029e-02,6.111342400357611723e-04,8.762592805673563925e-03,1.607227088469834544e-02,1.974961055217520022e-04,1.821388936954933735e-03,4.537136508572047963e-03,1.050895497013452435e-04,7.565199251931995980e-04,1.173025455908112543e-03,5.326455994685484708e-04,1.456333926549297809e-02
4.067584480600751062e-01,1.167575095936608824e-05,3.217001327582690973e+00,4.414909972692118156e-01,2.465604910510006964e-01,2.175227749515525666e+00,4.676165009750792544e-03,6.724999999999999867e-01,-3.649127509816027271e+01,3.175111401952177559e-01,1.157890098662195832e+00,8.276509215772193118e-01,-2.558075735505281334e-01,8.114532937963890857e-01,6.562903166333039495e-02,2.972750909327394678e-02,8.763863890330619855e-01,-4.719659518589977565e-01,6.364548025669910514e-01,-6.021464557204366658e-02,2.154065260583246655e-01,2.832953180232312615e-03,1.149177720155960571e-02,3.995505607002895645e-04,1.267974504527187444e-03,2.114172597648141319e-02,1.643493033528331906e-04,2.901772925078342433e-03,5.997889895078769955e-03,1.637522939884454045e-04,3.833939843183970745e-04,5.549626826980565836e-03,4.320057901185158158e-03,5.886286262535941026e-03
4.918648310387985223e-01,6.765406274381448741e-06,3.282006886920620925e+00,5.002941725548084584e-01,2.378030348466355082e-01,1.839355908989747102e+00,6.650714654967256056e-03,6.724999999999999867e-01,-3.795735939918952084e+01,-7.359376846904523706e-02,8.585386947532100965e-01,4.529289404389368889e-01,3.312993081763888625e-01,4.997684509142826803e-01,5.836543654254431335e-01,1.356856209838017413e-01,7.805600025031270706e-01,4.571903006023834287e-02,7.602903402008008849e-01,4.716388653696829136e-02,2.147336122861823460e-01,5.436422596668038978e-04,2.067458904545280520e-04,3.004026429059452924e-04,2.429479598117736288e-04,1.440995668837085492e-02,1.017819619445598352e-04,1.416074025707434467e-03,1.028397618718628970e-03,1.589785044330381677e-04,1.723273022842433232e-04,7.082430091412642015e-03,3.618076974377789495e-02,1.021332248011982448e-02
5.281602002503128501e-01,6.038746444232788170e-06,3.256348796941156643e+00,5.237580137293000870e-01,2.276908808378039772e-01,1.450973590842507432e+00,2.746505045787588344e-03,6.724999999999999867e-01,-3.824149673848792474e+01,2.101173304681956400e-01,5.153931347237078464e-01,3.535485741553070493e-01,4.850164049242709496e-01,2.370270450360986714e-01,4.257820082282557372e-01,1.651360941021423057e-01,2.167306677335004705e-01,-9.708654401765479114e-02,2.795195695916423695e-01,-4.794115244673817500e-02,5.912166678112405066e-02,2.192634812687822095e-04,4.114892203245397711e-04,1.417679068890497504e-04,4.765534581915882432e-04,5.161981103502685103e-03,2.111133815910627807e-04,8.041808102834836899e-04,1.307631698322645006e-03,1.457375224830683433e-04,1.266524356481248809e-04,6.430411437042105440e-04,5.135468241756539765e-02,1.401529239743065126e-02
5.143929912390488024e-01,4.469087459983675930e-06,3.292196352733486098e+00,5.214735847753967368e-01,2.273614142518591286e-01,1.455029972079723288e+00,3.267489791756983050e-03,6.724999999999999867e-01,-3.838581943152677667e+01,5.066159761342634710e-02,7.275681121809622898e-01,2.856570934294049846e-01,3.912749533444885297e-01,-2.457528713175087184e-02,3.050029766932452757e-01,-8.657393590452799881e-02,1.895340767486568545e-01,7.289216255700732561e-02,4.125867677006022083e-01,4.996229250638989372e-02,2.232480003407941727e-01,1.799935971967222051e-04,2.423058654157820917e-04,3.557706754122138323e-04,1.691627291887273213e-04,1.753359670350135985e-03,9.038048233832100245e-05,4.094992180420940547e-04,1.270981106179481243e-03,2.106000861267887483e-04,2.957289748592669180e-04,4.457547899882178285e-04,7.236831832820277144e-02,1.987108051675043688e-02
4.418022528160200357e-01,3.261610855743846466e-06,3.312225396021058810e+00,4.948218850019733273e-01,2.353908221296988346e-01,1.507894142226114287e+00,4.297429037877113951e-03,6.724999999999999867e-01,-3.837314272406433702e+01,6.666087844400275797e-02,6.832450953154550755e-01,-1.125248016565436465e-01,3.450174012635401910e-01,-2.559396339521975428e-01,1.609701037598544604e-01,1.113456525035108335e-01,5.053743819074348886e-01,-6.380754526762394407e-02,1.555192072816824200e-01,-2.514351344916021525e-01,2.374961090122510166e-01,5.325388782227338368e-04,2.904917987714835618e-04,3.204925890022550846e-04,1.615071794476826219e-04,1.381370852176832392e-03,8.279042329398372531e-05,5.175488477112939007e-04,1.105275315701753332e-03,2.625356108747447701e-04,2.543848801196950827e-04,5.502623250906427035e-04,1.102065718008842926e-01,3.032455734004365494e-02
4.267834793491864787e-01,2.519326511901385666e-06,3.306150649967301014e+00,4.815175748044674964e-01,2.338175940830556077e-01,1.336045533255557860e+00,1.738885903467548948e-03,5.000000000000000000e-01,-3.842490761124286536e+01,-2.250003173908131648e-01,5.078348763663225185e-01,4.256992022778029183e-02,3.148360847625074066e-01,-3.139191516574794671e-01,2.953687543852790420e-01,-1.483777149505987047e-01,4.241360930966099896e-01,-9.634743261588242513e-02,6.972950801328436921e-02,-9.687478685786486687e-02,1.995204707968824820e-01,3.156078278189373434e-04,4.294698172720799040e-04,5.984900674000433619e-04,4.622535984925537820e-04,9.221953182101845503e-04,2.357039443649401188e-04,1.387905669143574142e-03,2.276624713621050857e-04,3.699273274871337489e-04,7.060505649474819751e-04,2.328907478701663502e-04,1.184094852233364553e-01,3.258034149221981923e-02
4.255319148936170248e-01,2.091177685138975907e-06,3.312588851334998807e+00,4.840422384795690647e-01,2.377411314077436666e-01,1.344758130913989547e+00,3.465997195071995191e-03,5.074999999999999512e-01,-3.857437514119361310e+01,-3.333540170630100996e-01,1.557539040536188857e-01,4.182836766437853827e-03,4.793744205851490081e-01,2.723593143603164624e-01,1.829565466555705955e-01,-3.514915206680667148e-01,9.260648132447193981e-02,-2.390243569181907668e-01,3.953402737976213083e-02,-7.411434155529258473e-03,3.345157263916121448e-01,4.258293342583984310e-04,3.201898405397257869e-04,1.180352847898720990e-02,4.508662066876298639e-04,3.539119045649338009e-04,5.157674373422767430e-04,7.069766147610943548e-04,3.716841908054693529e-04,5.370157679377472000e-04,2.497303218243479691e-04,1.355362961820682274e-03,9.232272786478450122e-02,2.527993660254804209e-02
4.167709637046307924e-01,2.853986124328791691e-06,3.312401301513690832e+00,4.893887007861571492e-01,2.330725131770255143e-01,9.920642988538459495e-01,2.970416859046613386e-03,5.050000000000000044e-01,-3.858232776833979472e+01,-2.634348055441833591e-01,-2.332213126818953944e-02,-3.585172703165844244e-01,3.171689321932861794e-01,-3.154445207776859217e-01,3.328622595674899376e-01,-2.940702212133319282e-01,1.191727261023106665e-01,-8.723723916087616770e-02,1.212133790432949887e-01,-1.397370825859003685e-01,3.079330562756476541e-01,4.385106142570125787e-04,3.769775315371506853e-04,5.810481798719601028e-03,6.008249417382508775e-04,1.537881648986918408e-04,3.180866203521027255e-04,8.029309390912569991e-04,2.621716768277138369e-04,5.678053280260644299e-04,3.849542843215242381e-04,6.117627049741955828e-03,7.888539546133550850e-02,2.150280490707528330e-02
4.267834793491864787e-01,1.032266774537238074e-06,3.109082239840923023e+00,4.920776635372818286e-01,2.526391473363048812e-01,2.021666223566004117e+00,3.222039154790499755e-03,5.899999999999999689e-01,-3.880723253548581653e+01,-3.749432785072119301e-01,1.435868126971343861e-01,-1.149437870831414160e-01,3.162191920791609934e-01,1.359440509767515792e-01,1.568187266277613900e-01,-1.612166753881414949e-01,1.659991462363005418e-02,-1.247005297526588979e-01,1.156168404682921536e-01,-8.661110718151066035e-02,3.082132721635992834e-01,1.268414984376235082e-03,3.019155626327598113e-04,3.904007316642115009e-03,7.204755890123197559e-04,8.854535156222407806e-04,7.767613506731852044e-04,1.607846965105482742e-03,4.898896348720912846e-04,8.387722027342211194e-04,7.464025058864418548e-04,2.905658742947723940e-03,4.602600114594708469e-02,1.239971336477729835e-02
